imie1,nazwisko1,01.01.1981
imie2,nazwisko2,02.01.1981
imie3,nazwisko3,03.01.1981
imie4,nazwisko4,04.01.1981
imie5,nazwisko5,05.01.1981
imie6,nazwisko6,06.01.1981
imie7,nazwisko7,07.01.1981
imie8,nazwisko8,08.01.1981
imie9,nazwisko9,09.01.1981
imie10,nazwisko10,10.01.1981
imie11,nazwisko11,11.01.1981
imie12,nazwisko12,12.01.1981
imie13,nazwisko13,13.01.1981
imie14,nazwisko14,14.01.1981
imie15,nazwisko15,15.01.1981
imie16,nazwisko16,16.01.1981
imie17,nazwisko17,17.01.1981
imie18,nazwisko18,18.01.1981
imie19,nazwisko19,19.01.1981
imie20,nazwisko20,20.01.1981
imie21,nazwisko21,21.01.1981
imie22,nazwisko22,22.01.1981
imie23,nazwisko23,23.01.1981
imie24,nazwisko24,24.01.1981
imie25,nazwisko25,25.01.1981
imie26,nazwisko26,26.01.1981
imie27,nazwisko27,27.01.1981
imie28,nazwisko28,28.01.1981
imie29,nazwisko29,29.01.1981
imie30,nazwisko30,30.01.1981
imie31,nazwisko31,31.01.1981
imie32,nazwisko32,01.02.1981
imie33,nazwisko33,02.02.1981
imie34,nazwisko34,03.02.1981
imie35,nazwisko35,04.02.1981
imie36,nazwisko36,05.02.1981
imie37,nazwisko37,06.02.1981
imie38,nazwisko38,07.02.1981
imie39,nazwisko39,08.02.1981
imie40,nazwisko40,09.02.1981
imie41,nazwisko41,10.02.1981
imie42,nazwisko42,11.02.1981
imie43,nazwisko43,12.02.1981
imie44,nazwisko44,13.02.1981
imie45,nazwisko45,14.02.1981
imie46,nazwisko46,15.02.1981
imie47,nazwisko47,16.02.1981
imie48,nazwisko48,17.02.1981
imie49,nazwisko49,18.02.1981
imie50,nazwisko50,19.02.1981
imie51,nazwisko51,20.02.1981
imie52,nazwisko52,21.02.1981
imie53,nazwisko53,22.02.1981
imie54,nazwisko54,23.02.1981
imie55,nazwisko55,24.02.1981
imie56,nazwisko56,25.02.1981
imie57,nazwisko57,26.02.1981
imie58,nazwisko58,27.02.1981
imie59,nazwisko59,28.02.1981
imie60,nazwisko60,01.03.1981
imie61,nazwisko61,02.03.1981
imie62,nazwisko62,03.03.1981
imie63,nazwisko63,04.03.1981
imie64,nazwisko64,05.03.1981
imie65,nazwisko65,06.03.1981
imie66,nazwisko66,07.03.1981
imie67,nazwisko67,08.03.1981
imie68,nazwisko68,09.03.1981
imie69,nazwisko69,10.03.1981
imie70,nazwisko70,11.03.1981
imie71,nazwisko71,12.03.1981
imie72,nazwisko72,13.03.1981
imie73,nazwisko73,14.03.1981
imie74,nazwisko74,15.03.1981
imie75,nazwisko75,16.03.1981
imie76,nazwisko76,17.03.1981
imie77,nazwisko77,18.03.1981
imie78,nazwisko78,19.03.1981
imie79,nazwisko79,20.03.1981
imie80,nazwisko80,21.03.1981
imie81,nazwisko81,22.03.1981
imie82,nazwisko82,23.03.1981
imie83,nazwisko83,24.03.1981
imie84,nazwisko84,25.03.1981
imie85,nazwisko85,26.03.1981
imie86,nazwisko86,27.03.1981
imie87,nazwisko87,28.03.1981
imie88,nazwisko88,29.03.1981
imie89,nazwisko89,30.03.1981
imie90,nazwisko90,31.03.1981
imie91,nazwisko91,01.04.1981
imie92,nazwisko92,02.04.1981
imie93,nazwisko93,03.04.1981
imie94,nazwisko94,04.04.1981
imie95,nazwisko95,05.04.1981
imie96,nazwisko96,06.04.1981
imie97,nazwisko97,07.04.1981
imie98,nazwisko98,08.04.1981
imie99,nazwisko99,09.04.1981
imie100,nazwisko100,10.04.1981
imie101,nazwisko101,11.04.1981
imie102,nazwisko102,12.04.1981
imie103,nazwisko103,13.04.1981
imie104,nazwisko104,14.04.1981
imie105,nazwisko105,15.04.1981
imie106,nazwisko106,16.04.1981
imie107,nazwisko107,17.04.1981
imie108,nazwisko108,18.04.1981
imie109,nazwisko109,19.04.1981
imie110,nazwisko110,20.04.1981
imie111,nazwisko111,21.04.1981
imie112,nazwisko112,22.04.1981
imie113,nazwisko113,23.04.1981
imie114,nazwisko114,24.04.1981
imie115,nazwisko115,25.04.1981
imie116,nazwisko116,26.04.1981
imie117,nazwisko117,27.04.1981
imie118,nazwisko118,28.04.1981
imie119,nazwisko119,29.04.1981
imie120,nazwisko120,30.04.1981
imie121,nazwisko121,01.05.1981
imie122,nazwisko122,02.05.1981
imie123,nazwisko123,03.05.1981
imie124,nazwisko124,04.05.1981
imie125,nazwisko125,05.05.1981
imie126,nazwisko126,06.05.1981
imie127,nazwisko127,07.05.1981
imie128,nazwisko128,08.05.1981
imie129,nazwisko129,09.05.1981
imie130,nazwisko130,10.05.1981
imie131,nazwisko131,11.05.1981
imie132,nazwisko132,12.05.1981
imie133,nazwisko133,13.05.1981
imie134,nazwisko134,14.05.1981
imie135,nazwisko135,15.05.1981
imie136,nazwisko136,16.05.1981
imie137,nazwisko137,17.05.1981
imie138,nazwisko138,18.05.1981
imie139,nazwisko139,19.05.1981
imie140,nazwisko140,20.05.1981
imie141,nazwisko141,21.05.1981
imie142,nazwisko142,22.05.1981
imie143,nazwisko143,23.05.1981
imie144,nazwisko144,24.05.1981
imie145,nazwisko145,25.05.1981
imie146,nazwisko146,26.05.1981
imie147,nazwisko147,27.05.1981
imie148,nazwisko148,28.05.1981
imie149,nazwisko149,29.05.1981
imie150,nazwisko150,30.05.1981
imie151,nazwisko151,31.05.1981
imie152,nazwisko152,01.06.1981
imie153,nazwisko153,02.06.1981
imie154,nazwisko154,03.06.1981
imie155,nazwisko155,04.06.1981
imie156,nazwisko156,05.06.1981
imie157,nazwisko157,06.06.1981
imie158,nazwisko158,07.06.1981
imie159,nazwisko159,08.06.1981
imie160,nazwisko160,09.06.1981
imie161,nazwisko161,10.06.1981
imie162,nazwisko162,11.06.1981
imie163,nazwisko163,12.06.1981
imie164,nazwisko164,13.06.1981
imie165,nazwisko165,14.06.1981
imie166,nazwisko166,15.06.1981
imie167,nazwisko167,16.06.1981
imie168,nazwisko168,17.06.1981
imie169,nazwisko169,18.06.1981
imie170,nazwisko170,19.06.1981
imie171,nazwisko171,20.06.1981
imie172,nazwisko172,21.06.1981
imie173,nazwisko173,22.06.1981
imie174,nazwisko174,23.06.1981
imie175,nazwisko175,24.06.1981
imie176,nazwisko176,25.06.1981
imie177,nazwisko177,26.06.1981
imie178,nazwisko178,27.06.1981
imie179,nazwisko179,28.06.1981
imie180,nazwisko180,29.06.1981
imie181,nazwisko181,30.06.1981
imie182,nazwisko182,01.07.1981
imie183,nazwisko183,02.07.1981
imie184,nazwisko184,03.07.1981
imie185,nazwisko185,04.07.1981
imie186,nazwisko186,05.07.1981
imie187,nazwisko187,06.07.1981
imie188,nazwisko188,07.07.1981
imie189,nazwisko189,08.07.1981
imie190,nazwisko190,09.07.1981
imie191,nazwisko191,10.07.1981
imie192,nazwisko192,11.07.1981
imie193,nazwisko193,12.07.1981
imie194,nazwisko194,13.07.1981
imie195,nazwisko195,14.07.1981
imie196,nazwisko196,15.07.1981
imie197,nazwisko197,16.07.1981
imie198,nazwisko198,17.07.1981
imie199,nazwisko199,18.07.1981
imie200,nazwisko200,19.07.1981
imie201,nazwisko201,20.07.1981
imie202,nazwisko202,21.07.1981
imie203,nazwisko203,22.07.1981
imie204,nazwisko204,23.07.1981
imie205,nazwisko205,24.07.1981
imie206,nazwisko206,25.07.1981
imie207,nazwisko207,26.07.1981
imie208,nazwisko208,27.07.1981
imie209,nazwisko209,28.07.1981
imie210,nazwisko210,29.07.1981
imie211,nazwisko211,30.07.1981
imie212,nazwisko212,31.07.1981
imie213,nazwisko213,01.08.1981
imie214,nazwisko214,02.08.1981
imie215,nazwisko215,03.08.1981
imie216,nazwisko216,04.08.1981
imie217,nazwisko217,05.08.1981
imie218,nazwisko218,06.08.1981
imie219,nazwisko219,07.08.1981
imie220,nazwisko220,08.08.1981
imie221,nazwisko221,09.08.1981
imie222,nazwisko222,10.08.1981
imie223,nazwisko223,11.08.1981
imie224,nazwisko224,12.08.1981
imie225,nazwisko225,13.08.1981
imie226,nazwisko226,14.08.1981
imie227,nazwisko227,15.08.1981
imie228,nazwisko228,16.08.1981
imie229,nazwisko229,17.08.1981
imie230,nazwisko230,18.08.1981
imie231,nazwisko231,19.08.1981
imie232,nazwisko232,20.08.1981
imie233,nazwisko233,21.08.1981
imie234,nazwisko234,22.08.1981
imie235,nazwisko235,23.08.1981
imie236,nazwisko236,24.08.1981
imie237,nazwisko237,25.08.1981
imie238,nazwisko238,26.08.1981
imie239,nazwisko239,27.08.1981
imie240,nazwisko240,28.08.1981
imie241,nazwisko241,29.08.1981
imie242,nazwisko242,30.08.1981
imie243,nazwisko243,31.08.1981
imie244,nazwisko244,01.09.1981
imie245,nazwisko245,02.09.1981
imie246,nazwisko246,03.09.1981
imie247,nazwisko247,04.09.1981
imie248,nazwisko248,05.09.1981
imie249,nazwisko249,06.09.1981
imie250,nazwisko250,07.09.1981
imie251,nazwisko251,08.09.1981
imie252,nazwisko252,09.09.1981
imie253,nazwisko253,10.09.1981
imie254,nazwisko254,11.09.1981
imie255,nazwisko255,12.09.1981
imie256,nazwisko256,13.09.1981
imie257,nazwisko257,14.09.1981
imie258,nazwisko258,15.09.1981
imie259,nazwisko259,16.09.1981
imie260,nazwisko260,17.09.1981
imie261,nazwisko261,18.09.1981
imie262,nazwisko262,19.09.1981
imie263,nazwisko263,20.09.1981
imie264,nazwisko264,21.09.1981
imie265,nazwisko265,22.09.1981
imie266,nazwisko266,23.09.1981
imie267,nazwisko267,24.09.1981
imie268,nazwisko268,25.09.1981
imie269,nazwisko269,26.09.1981
imie270,nazwisko270,27.09.1981
imie271,nazwisko271,28.09.1981
imie272,nazwisko272,29.09.1981
imie273,nazwisko273,30.09.1981
imie274,nazwisko274,01.10.1981
imie275,nazwisko275,02.10.1981
imie276,nazwisko276,03.10.1981
imie277,nazwisko277,04.10.1981
imie278,nazwisko278,05.10.1981
imie279,nazwisko279,06.10.1981
imie280,nazwisko280,07.10.1981
imie281,nazwisko281,08.10.1981
imie282,nazwisko282,09.10.1981
imie283,nazwisko283,10.10.1981
imie284,nazwisko284,11.10.1981
imie285,nazwisko285,12.10.1981
imie286,nazwisko286,13.10.1981
imie287,nazwisko287,14.10.1981
imie288,nazwisko288,15.10.1981
imie289,nazwisko289,16.10.1981
imie290,nazwisko290,17.10.1981
imie291,nazwisko291,18.10.1981
imie292,nazwisko292,19.10.1981
imie293,nazwisko293,20.10.1981
imie294,nazwisko294,21.10.1981
imie295,nazwisko295,22.10.1981
imie296,nazwisko296,23.10.1981
imie297,nazwisko297,24.10.1981
imie298,nazwisko298,25.10.1981
imie299,nazwisko299,26.10.1981
imie300,nazwisko300,27.10.1981
imie301,nazwisko301,28.10.1981
imie302,nazwisko302,29.10.1981
imie303,nazwisko303,30.10.1981
imie304,nazwisko304,31.10.1981
imie305,nazwisko305,01.11.1981
imie306,nazwisko306,02.11.1981
imie307,nazwisko307,03.11.1981
imie308,nazwisko308,04.11.1981
imie309,nazwisko309,05.11.1981
imie310,nazwisko310,06.11.1981
imie311,nazwisko311,07.11.1981
imie312,nazwisko312,08.11.1981
imie313,nazwisko313,09.11.1981
imie314,nazwisko314,10.11.1981
imie315,nazwisko315,11.11.1981
imie316,nazwisko316,12.11.1981
imie317,nazwisko317,13.11.1981
imie318,nazwisko318,14.11.1981
imie319,nazwisko319,15.11.1981
imie320,nazwisko320,16.11.1981
imie321,nazwisko321,17.11.1981
imie322,nazwisko322,18.11.1981
imie323,nazwisko323,19.11.1981
imie324,nazwisko324,20.11.1981
imie325,nazwisko325,21.11.1981
imie326,nazwisko326,22.11.1981
imie327,nazwisko327,23.11.1981
imie328,nazwisko328,24.11.1981
imie329,nazwisko329,25.11.1981
imie330,nazwisko330,26.11.1981
imie331,nazwisko331,27.11.1981
imie332,nazwisko332,28.11.1981
imie333,nazwisko333,29.11.1981
imie334,nazwisko334,30.11.1981
imie335,nazwisko335,01.12.1981
imie336,nazwisko336,02.12.1981
imie337,nazwisko337,03.12.1981
imie338,nazwisko338,04.12.1981
imie339,nazwisko339,05.12.1981
imie340,nazwisko340,06.12.1981
imie341,nazwisko341,07.12.1981
imie342,nazwisko342,08.12.1981
imie343,nazwisko343,09.12.1981
imie344,nazwisko344,10.12.1981
imie345,nazwisko345,11.12.1981
imie346,nazwisko346,12.12.1981
imie347,nazwisko347,13.12.1981
imie348,nazwisko348,14.12.1981
imie349,nazwisko349,15.12.1981
imie350,nazwisko350,16.12.1981
imie351,nazwisko351,17.12.1981
imie352,nazwisko352,18.12.1981
imie353,nazwisko353,19.12.1981
imie354,nazwisko354,20.12.1981
imie355,nazwisko355,21.12.1981
imie356,nazwisko356,22.12.1981
imie357,nazwisko357,23.12.1981
imie358,nazwisko358,24.12.1981
imie359,nazwisko359,25.12.1981
imie360,nazwisko360,26.12.1981
imie361,nazwisko361,27.12.1981
imie362,nazwisko362,28.12.1981
imie363,nazwisko363,29.12.1981
imie364,nazwisko364,30.12.1981
imie365,nazwisko365,31.12.1981
imie366,nazwisko366,01.01.1982
imie367,nazwisko367,02.01.1982
imie368,nazwisko368,03.01.1982
imie369,nazwisko369,04.01.1982
imie370,nazwisko370,05.01.1982
imie371,nazwisko371,06.01.1982
imie372,nazwisko372,07.01.1982
imie373,nazwisko373,08.01.1982
imie374,nazwisko374,09.01.1982
imie375,nazwisko375,10.01.1982
imie376,nazwisko376,11.01.1982
imie377,nazwisko377,12.01.1982
imie378,nazwisko378,13.01.1982
imie379,nazwisko379,14.01.1982
imie380,nazwisko380,15.01.1982
imie381,nazwisko381,16.01.1982
imie382,nazwisko382,17.01.1982
imie383,nazwisko383,18.01.1982
imie384,nazwisko384,19.01.1982
imie385,nazwisko385,20.01.1982
imie386,nazwisko386,21.01.1982
imie387,nazwisko387,22.01.1982
imie388,nazwisko388,23.01.1982
imie389,nazwisko389,24.01.1982
imie390,nazwisko390,25.01.1982
imie391,nazwisko391,26.01.1982
imie392,nazwisko392,27.01.1982
imie393,nazwisko393,28.01.1982
imie394,nazwisko394,29.01.1982
imie395,nazwisko395,30.01.1982
imie396,nazwisko396,31.01.1982
imie397,nazwisko397,01.02.1982
imie398,nazwisko398,02.02.1982
imie399,nazwisko399,03.02.1982
imie400,nazwisko400,04.02.1982
imie401,nazwisko401,05.02.1982
imie402,nazwisko402,06.02.1982
imie403,nazwisko403,07.02.1982
imie404,nazwisko404,08.02.1982
imie405,nazwisko405,09.02.1982
imie406,nazwisko406,10.02.1982
imie407,nazwisko407,11.02.1982
imie408,nazwisko408,12.02.1982
imie409,nazwisko409,13.02.1982
imie410,nazwisko410,14.02.1982
imie411,nazwisko411,15.02.1982
imie412,nazwisko412,16.02.1982
imie413,nazwisko413,17.02.1982
imie414,nazwisko414,18.02.1982
imie415,nazwisko415,19.02.1982
imie416,nazwisko416,20.02.1982
imie417,nazwisko417,21.02.1982
imie418,nazwisko418,22.02.1982
imie419,nazwisko419,23.02.1982
imie420,nazwisko420,24.02.1982
imie421,nazwisko421,25.02.1982
imie422,nazwisko422,26.02.1982
imie423,nazwisko423,27.02.1982
imie424,nazwisko424,28.02.1982
imie425,nazwisko425,01.03.1982
imie426,nazwisko426,02.03.1982
imie427,nazwisko427,03.03.1982
imie428,nazwisko428,04.03.1982
imie429,nazwisko429,05.03.1982
imie430,nazwisko430,06.03.1982
imie431,nazwisko431,07.03.1982
imie432,nazwisko432,08.03.1982
imie433,nazwisko433,09.03.1982
imie434,nazwisko434,10.03.1982
imie435,nazwisko435,11.03.1982
imie436,nazwisko436,12.03.1982
imie437,nazwisko437,13.03.1982
imie438,nazwisko438,14.03.1982
imie439,nazwisko439,15.03.1982
imie440,nazwisko440,16.03.1982
imie441,nazwisko441,17.03.1982
imie442,nazwisko442,18.03.1982
imie443,nazwisko443,19.03.1982
imie444,nazwisko444,20.03.1982
imie445,nazwisko445,21.03.1982
imie446,nazwisko446,22.03.1982
imie447,nazwisko447,23.03.1982
imie448,nazwisko448,24.03.1982
imie449,nazwisko449,25.03.1982
imie450,nazwisko450,26.03.1982
imie451,nazwisko451,27.03.1982
imie452,nazwisko452,28.03.1982
imie453,nazwisko453,29.03.1982
imie454,nazwisko454,30.03.1982
imie455,nazwisko455,31.03.1982
imie456,nazwisko456,01.04.1982
imie457,nazwisko457,02.04.1982
imie458,nazwisko458,03.04.1982
imie459,nazwisko459,04.04.1982
imie460,nazwisko460,05.04.1982
imie461,nazwisko461,06.04.1982
imie462,nazwisko462,07.04.1982
imie463,nazwisko463,08.04.1982
imie464,nazwisko464,09.04.1982
imie465,nazwisko465,10.04.1982
imie466,nazwisko466,11.04.1982
imie467,nazwisko467,12.04.1982
imie468,nazwisko468,13.04.1982
imie469,nazwisko469,14.04.1982
imie470,nazwisko470,15.04.1982
imie471,nazwisko471,16.04.1982
imie472,nazwisko472,17.04.1982
imie473,nazwisko473,18.04.1982
imie474,nazwisko474,19.04.1982
imie475,nazwisko475,20.04.1982
imie476,nazwisko476,21.04.1982
imie477,nazwisko477,22.04.1982
imie478,nazwisko478,23.04.1982
imie479,nazwisko479,24.04.1982
imie480,nazwisko480,25.04.1982
imie481,nazwisko481,26.04.1982
imie482,nazwisko482,27.04.1982
imie483,nazwisko483,28.04.1982
imie484,nazwisko484,29.04.1982
imie485,nazwisko485,30.04.1982
imie486,nazwisko486,01.05.1982
imie487,nazwisko487,02.05.1982
imie488,nazwisko488,03.05.1982
imie489,nazwisko489,04.05.1982
imie490,nazwisko490,05.05.1982
imie491,nazwisko491,06.05.1982
imie492,nazwisko492,07.05.1982
imie493,nazwisko493,08.05.1982
imie494,nazwisko494,09.05.1982
imie495,nazwisko495,10.05.1982
imie496,nazwisko496,11.05.1982
imie497,nazwisko497,12.05.1982
imie498,nazwisko498,13.05.1982
imie499,nazwisko499,14.05.1982
imie500,nazwisko500,15.05.1982
imie501,nazwisko501,16.05.1982
imie502,nazwisko502,17.05.1982
imie503,nazwisko503,18.05.1982
imie504,nazwisko504,19.05.1982
imie505,nazwisko505,20.05.1982
imie506,nazwisko506,21.05.1982
imie507,nazwisko507,22.05.1982
imie508,nazwisko508,23.05.1982
imie509,nazwisko509,24.05.1982
imie510,nazwisko510,25.05.1982
imie511,nazwisko511,26.05.1982
imie512,nazwisko512,27.05.1982
imie513,nazwisko513,28.05.1982
imie514,nazwisko514,29.05.1982
imie515,nazwisko515,30.05.1982
imie516,nazwisko516,31.05.1982
imie517,nazwisko517,01.06.1982
imie518,nazwisko518,02.06.1982
imie519,nazwisko519,03.06.1982
imie520,nazwisko520,04.06.1982
imie521,nazwisko521,05.06.1982
imie522,nazwisko522,06.06.1982
imie523,nazwisko523,07.06.1982
imie524,nazwisko524,08.06.1982
imie525,nazwisko525,09.06.1982
imie526,nazwisko526,10.06.1982
imie527,nazwisko527,11.06.1982
imie528,nazwisko528,12.06.1982
imie529,nazwisko529,13.06.1982
imie530,nazwisko530,14.06.1982
imie531,nazwisko531,15.06.1982
imie532,nazwisko532,16.06.1982
imie533,nazwisko533,17.06.1982
imie534,nazwisko534,18.06.1982
imie535,nazwisko535,19.06.1982
imie536,nazwisko536,20.06.1982
imie537,nazwisko537,21.06.1982
imie538,nazwisko538,22.06.1982
imie539,nazwisko539,23.06.1982
imie540,nazwisko540,24.06.1982
imie541,nazwisko541,25.06.1982
imie542,nazwisko542,26.06.1982
imie543,nazwisko543,27.06.1982
imie544,nazwisko544,28.06.1982
imie545,nazwisko545,29.06.1982
imie546,nazwisko546,30.06.1982
imie547,nazwisko547,01.07.1982
imie548,nazwisko548,02.07.1982
imie549,nazwisko549,03.07.1982
imie550,nazwisko550,04.07.1982
imie551,nazwisko551,05.07.1982
imie552,nazwisko552,06.07.1982
imie553,nazwisko553,07.07.1982
imie554,nazwisko554,08.07.1982
imie555,nazwisko555,09.07.1982
imie556,nazwisko556,10.07.1982
imie557,nazwisko557,11.07.1982
imie558,nazwisko558,12.07.1982
imie559,nazwisko559,13.07.1982
imie560,nazwisko560,14.07.1982
imie561,nazwisko561,15.07.1982
imie562,nazwisko562,16.07.1982
imie563,nazwisko563,17.07.1982
imie564,nazwisko564,18.07.1982
imie565,nazwisko565,19.07.1982
imie566,nazwisko566,20.07.1982
imie567,nazwisko567,21.07.1982
imie568,nazwisko568,22.07.1982
imie569,nazwisko569,23.07.1982
imie570,nazwisko570,24.07.1982
imie571,nazwisko571,25.07.1982
imie572,nazwisko572,26.07.1982
imie573,nazwisko573,27.07.1982
imie574,nazwisko574,28.07.1982
imie575,nazwisko575,29.07.1982
imie576,nazwisko576,30.07.1982
imie577,nazwisko577,31.07.1982
imie578,nazwisko578,01.08.1982
imie579,nazwisko579,02.08.1982
imie580,nazwisko580,03.08.1982
imie581,nazwisko581,04.08.1982
imie582,nazwisko582,05.08.1982
imie583,nazwisko583,06.08.1982
imie584,nazwisko584,07.08.1982
imie585,nazwisko585,08.08.1982
imie586,nazwisko586,09.08.1982
imie587,nazwisko587,10.08.1982
imie588,nazwisko588,11.08.1982
imie589,nazwisko589,12.08.1982
imie590,nazwisko590,13.08.1982
imie591,nazwisko591,14.08.1982
imie592,nazwisko592,15.08.1982
imie593,nazwisko593,16.08.1982
imie594,nazwisko594,17.08.1982
imie595,nazwisko595,18.08.1982
imie596,nazwisko596,19.08.1982
imie597,nazwisko597,20.08.1982
imie598,nazwisko598,21.08.1982
imie599,nazwisko599,22.08.1982
imie600,nazwisko600,23.08.1982
imie601,nazwisko601,24.08.1982
imie602,nazwisko602,25.08.1982
imie603,nazwisko603,26.08.1982
imie604,nazwisko604,27.08.1982
imie605,nazwisko605,28.08.1982
imie606,nazwisko606,29.08.1982
imie607,nazwisko607,30.08.1982
imie608,nazwisko608,31.08.1982
imie609,nazwisko609,01.09.1982
imie610,nazwisko610,02.09.1982
imie611,nazwisko611,03.09.1982
imie612,nazwisko612,04.09.1982
imie613,nazwisko613,05.09.1982
imie614,nazwisko614,06.09.1982
imie615,nazwisko615,07.09.1982
imie616,nazwisko616,08.09.1982
imie617,nazwisko617,09.09.1982
imie618,nazwisko618,10.09.1982
imie619,nazwisko619,11.09.1982
imie620,nazwisko620,12.09.1982
imie621,nazwisko621,13.09.1982
imie622,nazwisko622,14.09.1982
imie623,nazwisko623,15.09.1982
imie624,nazwisko624,16.09.1982
imie625,nazwisko625,17.09.1982
imie626,nazwisko626,18.09.1982
imie627,nazwisko627,19.09.1982
imie628,nazwisko628,20.09.1982
imie629,nazwisko629,21.09.1982
imie630,nazwisko630,22.09.1982
imie631,nazwisko631,23.09.1982
imie632,nazwisko632,24.09.1982
imie633,nazwisko633,25.09.1982
imie634,nazwisko634,26.09.1982
imie635,nazwisko635,27.09.1982
imie636,nazwisko636,28.09.1982
imie637,nazwisko637,29.09.1982
imie638,nazwisko638,30.09.1982
imie639,nazwisko639,01.10.1982
imie640,nazwisko640,02.10.1982
imie641,nazwisko641,03.10.1982
imie642,nazwisko642,04.10.1982
imie643,nazwisko643,05.10.1982
imie644,nazwisko644,06.10.1982
imie645,nazwisko645,07.10.1982
imie646,nazwisko646,08.10.1982
imie647,nazwisko647,09.10.1982
imie648,nazwisko648,10.10.1982
imie649,nazwisko649,11.10.1982
imie650,nazwisko650,12.10.1982
imie651,nazwisko651,13.10.1982
imie652,nazwisko652,14.10.1982
imie653,nazwisko653,15.10.1982
imie654,nazwisko654,16.10.1982
imie655,nazwisko655,17.10.1982
imie656,nazwisko656,18.10.1982
imie657,nazwisko657,19.10.1982
imie658,nazwisko658,20.10.1982
imie659,nazwisko659,21.10.1982
imie660,nazwisko660,22.10.1982
imie661,nazwisko661,23.10.1982
imie662,nazwisko662,24.10.1982
imie663,nazwisko663,25.10.1982
imie664,nazwisko664,26.10.1982
imie665,nazwisko665,27.10.1982
imie666,nazwisko666,28.10.1982
imie667,nazwisko667,29.10.1982
imie668,nazwisko668,30.10.1982
imie669,nazwisko669,31.10.1982
imie670,nazwisko670,01.11.1982
imie671,nazwisko671,02.11.1982
imie672,nazwisko672,03.11.1982
imie673,nazwisko673,04.11.1982
imie674,nazwisko674,05.11.1982
imie675,nazwisko675,06.11.1982
imie676,nazwisko676,07.11.1982
imie677,nazwisko677,08.11.1982
imie678,nazwisko678,09.11.1982
imie679,nazwisko679,10.11.1982
imie680,nazwisko680,11.11.1982
imie681,nazwisko681,12.11.1982
imie682,nazwisko682,13.11.1982
imie683,nazwisko683,14.11.1982
imie684,nazwisko684,15.11.1982
imie685,nazwisko685,16.11.1982
imie686,nazwisko686,17.11.1982
imie687,nazwisko687,18.11.1982
imie688,nazwisko688,19.11.1982
imie689,nazwisko689,20.11.1982
imie690,nazwisko690,21.11.1982
imie691,nazwisko691,22.11.1982
imie692,nazwisko692,23.11.1982
imie693,nazwisko693,24.11.1982
imie694,nazwisko694,25.11.1982
imie695,nazwisko695,26.11.1982
imie696,nazwisko696,27.11.1982
imie697,nazwisko697,28.11.1982
imie698,nazwisko698,29.11.1982
imie699,nazwisko699,30.11.1982
imie700,nazwisko700,01.12.1982
imie701,nazwisko701,02.12.1982
imie702,nazwisko702,03.12.1982
imie703,nazwisko703,04.12.1982
imie704,nazwisko704,05.12.1982
imie705,nazwisko705,06.12.1982
imie706,nazwisko706,07.12.1982
imie707,nazwisko707,08.12.1982
imie708,nazwisko708,09.12.1982
imie709,nazwisko709,10.12.1982
imie710,nazwisko710,11.12.1982
imie711,nazwisko711,12.12.1982
imie712,nazwisko712,13.12.1982
imie713,nazwisko713,14.12.1982
imie714,nazwisko714,15.12.1982
imie715,nazwisko715,16.12.1982
imie716,nazwisko716,17.12.1982
imie717,nazwisko717,18.12.1982
imie718,nazwisko718,19.12.1982
imie719,nazwisko719,20.12.1982
imie720,nazwisko720,21.12.1982
imie721,nazwisko721,22.12.1982
imie722,nazwisko722,23.12.1982
imie723,nazwisko723,24.12.1982
imie724,nazwisko724,25.12.1982
imie725,nazwisko725,26.12.1982
imie726,nazwisko726,27.12.1982
imie727,nazwisko727,28.12.1982
imie728,nazwisko728,29.12.1982
imie729,nazwisko729,30.12.1982
imie730,nazwisko730,31.12.1982
imie731,nazwisko731,01.01.1983
imie732,nazwisko732,02.01.1983
imie733,nazwisko733,03.01.1983
imie734,nazwisko734,04.01.1983
imie735,nazwisko735,05.01.1983
imie736,nazwisko736,06.01.1983
imie737,nazwisko737,07.01.1983
imie738,nazwisko738,08.01.1983
imie739,nazwisko739,09.01.1983
imie740,nazwisko740,10.01.1983
imie741,nazwisko741,11.01.1983
imie742,nazwisko742,12.01.1983
imie743,nazwisko743,13.01.1983
imie744,nazwisko744,14.01.1983
imie745,nazwisko745,15.01.1983
imie746,nazwisko746,16.01.1983
imie747,nazwisko747,17.01.1983
imie748,nazwisko748,18.01.1983
imie749,nazwisko749,19.01.1983
imie750,nazwisko750,20.01.1983
imie751,nazwisko751,21.01.1983
imie752,nazwisko752,22.01.1983
imie753,nazwisko753,23.01.1983
imie754,nazwisko754,24.01.1983
imie755,nazwisko755,25.01.1983
imie756,nazwisko756,26.01.1983
imie757,nazwisko757,27.01.1983
imie758,nazwisko758,28.01.1983
imie759,nazwisko759,29.01.1983
imie760,nazwisko760,30.01.1983
imie761,nazwisko761,31.01.1983
imie762,nazwisko762,01.02.1983
imie763,nazwisko763,02.02.1983
imie764,nazwisko764,03.02.1983
imie765,nazwisko765,04.02.1983
imie766,nazwisko766,05.02.1983
imie767,nazwisko767,06.02.1983
imie768,nazwisko768,07.02.1983
imie769,nazwisko769,08.02.1983
imie770,nazwisko770,09.02.1983
imie771,nazwisko771,10.02.1983
imie772,nazwisko772,11.02.1983
imie773,nazwisko773,12.02.1983
imie774,nazwisko774,13.02.1983
imie775,nazwisko775,14.02.1983
imie776,nazwisko776,15.02.1983
imie777,nazwisko777,16.02.1983
imie778,nazwisko778,17.02.1983
imie779,nazwisko779,18.02.1983
imie780,nazwisko780,19.02.1983
imie781,nazwisko781,20.02.1983
imie782,nazwisko782,21.02.1983
imie783,nazwisko783,22.02.1983
imie784,nazwisko784,23.02.1983
imie785,nazwisko785,24.02.1983
imie786,nazwisko786,25.02.1983
imie787,nazwisko787,26.02.1983
imie788,nazwisko788,27.02.1983
imie789,nazwisko789,28.02.1983
imie790,nazwisko790,01.03.1983
imie791,nazwisko791,02.03.1983
imie792,nazwisko792,03.03.1983
imie793,nazwisko793,04.03.1983
imie794,nazwisko794,05.03.1983
imie795,nazwisko795,06.03.1983
imie796,nazwisko796,07.03.1983
imie797,nazwisko797,08.03.1983
imie798,nazwisko798,09.03.1983
imie799,nazwisko799,10.03.1983
imie800,nazwisko800,11.03.1983
imie801,nazwisko801,12.03.1983
imie802,nazwisko802,13.03.1983
imie803,nazwisko803,14.03.1983
imie804,nazwisko804,15.03.1983
imie805,nazwisko805,16.03.1983
imie806,nazwisko806,17.03.1983
imie807,nazwisko807,18.03.1983
imie808,nazwisko808,19.03.1983
imie809,nazwisko809,20.03.1983
imie810,nazwisko810,21.03.1983
imie811,nazwisko811,22.03.1983
imie812,nazwisko812,23.03.1983
imie813,nazwisko813,24.03.1983
imie814,nazwisko814,25.03.1983
imie815,nazwisko815,26.03.1983
imie816,nazwisko816,27.03.1983
imie817,nazwisko817,28.03.1983
imie818,nazwisko818,29.03.1983
imie819,nazwisko819,30.03.1983
imie820,nazwisko820,31.03.1983
imie821,nazwisko821,01.04.1983
imie822,nazwisko822,02.04.1983
imie823,nazwisko823,03.04.1983
imie824,nazwisko824,04.04.1983
imie825,nazwisko825,05.04.1983
imie826,nazwisko826,06.04.1983
imie827,nazwisko827,07.04.1983
imie828,nazwisko828,08.04.1983
imie829,nazwisko829,09.04.1983
imie830,nazwisko830,10.04.1983
imie831,nazwisko831,11.04.1983
imie832,nazwisko832,12.04.1983
imie833,nazwisko833,13.04.1983
imie834,nazwisko834,14.04.1983
imie835,nazwisko835,15.04.1983
imie836,nazwisko836,16.04.1983
imie837,nazwisko837,17.04.1983
imie838,nazwisko838,18.04.1983
imie839,nazwisko839,19.04.1983
imie840,nazwisko840,20.04.1983
imie841,nazwisko841,21.04.1983
imie842,nazwisko842,22.04.1983
imie843,nazwisko843,23.04.1983
imie844,nazwisko844,24.04.1983
imie845,nazwisko845,25.04.1983
imie846,nazwisko846,26.04.1983
imie847,nazwisko847,27.04.1983
imie848,nazwisko848,28.04.1983
imie849,nazwisko849,29.04.1983
imie850,nazwisko850,30.04.1983
imie851,nazwisko851,01.05.1983
imie852,nazwisko852,02.05.1983
imie853,nazwisko853,03.05.1983
imie854,nazwisko854,04.05.1983
imie855,nazwisko855,05.05.1983
imie856,nazwisko856,06.05.1983
imie857,nazwisko857,07.05.1983
imie858,nazwisko858,08.05.1983
imie859,nazwisko859,09.05.1983
imie860,nazwisko860,10.05.1983
imie861,nazwisko861,11.05.1983
imie862,nazwisko862,12.05.1983
imie863,nazwisko863,13.05.1983
imie864,nazwisko864,14.05.1983
imie865,nazwisko865,15.05.1983
imie866,nazwisko866,16.05.1983
imie867,nazwisko867,17.05.1983
imie868,nazwisko868,18.05.1983
imie869,nazwisko869,19.05.1983
imie870,nazwisko870,20.05.1983
imie871,nazwisko871,21.05.1983
imie872,nazwisko872,22.05.1983
imie873,nazwisko873,23.05.1983
imie874,nazwisko874,24.05.1983
imie875,nazwisko875,25.05.1983
imie876,nazwisko876,26.05.1983
imie877,nazwisko877,27.05.1983
imie878,nazwisko878,28.05.1983
imie879,nazwisko879,29.05.1983
imie880,nazwisko880,30.05.1983
imie881,nazwisko881,31.05.1983
imie882,nazwisko882,01.06.1983
imie883,nazwisko883,02.06.1983
imie884,nazwisko884,03.06.1983
imie885,nazwisko885,04.06.1983
imie886,nazwisko886,05.06.1983
imie887,nazwisko887,06.06.1983
imie888,nazwisko888,07.06.1983
imie889,nazwisko889,08.06.1983
imie890,nazwisko890,09.06.1983
imie891,nazwisko891,10.06.1983
imie892,nazwisko892,11.06.1983
imie893,nazwisko893,12.06.1983
imie894,nazwisko894,13.06.1983
imie895,nazwisko895,14.06.1983
imie896,nazwisko896,15.06.1983
imie897,nazwisko897,16.06.1983
imie898,nazwisko898,17.06.1983
imie899,nazwisko899,18.06.1983
imie900,nazwisko900,19.06.1983
imie901,nazwisko901,20.06.1983
imie902,nazwisko902,21.06.1983
imie903,nazwisko903,22.06.1983
imie904,nazwisko904,23.06.1983
imie905,nazwisko905,24.06.1983
imie906,nazwisko906,25.06.1983
imie907,nazwisko907,26.06.1983
imie908,nazwisko908,27.06.1983
imie909,nazwisko909,28.06.1983
imie910,nazwisko910,29.06.1983
imie911,nazwisko911,30.06.1983
imie912,nazwisko912,01.07.1983
imie913,nazwisko913,02.07.1983
imie914,nazwisko914,03.07.1983
imie915,nazwisko915,04.07.1983
imie916,nazwisko916,05.07.1983
imie917,nazwisko917,06.07.1983
imie918,nazwisko918,07.07.1983
imie919,nazwisko919,08.07.1983
imie920,nazwisko920,09.07.1983
imie921,nazwisko921,10.07.1983
imie922,nazwisko922,11.07.1983
imie923,nazwisko923,12.07.1983
imie924,nazwisko924,13.07.1983
imie925,nazwisko925,14.07.1983
imie926,nazwisko926,15.07.1983
imie927,nazwisko927,16.07.1983
imie928,nazwisko928,17.07.1983
imie929,nazwisko929,18.07.1983
imie930,nazwisko930,19.07.1983
imie931,nazwisko931,20.07.1983
imie932,nazwisko932,21.07.1983
imie933,nazwisko933,22.07.1983
imie934,nazwisko934,23.07.1983
imie935,nazwisko935,24.07.1983
imie936,nazwisko936,25.07.1983
imie937,nazwisko937,26.07.1983
imie938,nazwisko938,27.07.1983
imie939,nazwisko939,28.07.1983
imie940,nazwisko940,29.07.1983
imie941,nazwisko941,30.07.1983
imie942,nazwisko942,31.07.1983
imie943,nazwisko943,01.08.1983
imie944,nazwisko944,02.08.1983
imie945,nazwisko945,03.08.1983
imie946,nazwisko946,04.08.1983
imie947,nazwisko947,05.08.1983
imie948,nazwisko948,06.08.1983
imie949,nazwisko949,07.08.1983
imie950,nazwisko950,08.08.1983
imie951,nazwisko951,09.08.1983
imie952,nazwisko952,10.08.1983
imie953,nazwisko953,11.08.1983
imie954,nazwisko954,12.08.1983
imie955,nazwisko955,13.08.1983
imie956,nazwisko956,14.08.1983
imie957,nazwisko957,15.08.1983
imie958,nazwisko958,16.08.1983
imie959,nazwisko959,17.08.1983
imie960,nazwisko960,18.08.1983
imie961,nazwisko961,19.08.1983
imie962,nazwisko962,20.08.1983
imie963,nazwisko963,21.08.1983
imie964,nazwisko964,22.08.1983
imie965,nazwisko965,23.08.1983
imie966,nazwisko966,24.08.1983
imie967,nazwisko967,25.08.1983
imie968,nazwisko968,26.08.1983
imie969,nazwisko969,27.08.1983
imie970,nazwisko970,28.08.1983
imie971,nazwisko971,29.08.1983
imie972,nazwisko972,30.08.1983
imie973,nazwisko973,31.08.1983
imie974,nazwisko974,01.09.1983
imie975,nazwisko975,02.09.1983
imie976,nazwisko976,03.09.1983
imie977,nazwisko977,04.09.1983
imie978,nazwisko978,05.09.1983
imie979,nazwisko979,06.09.1983
imie980,nazwisko980,07.09.1983
imie981,nazwisko981,08.09.1983
imie982,nazwisko982,09.09.1983
imie983,nazwisko983,10.09.1983
imie984,nazwisko984,11.09.1983
imie985,nazwisko985,12.09.1983
imie986,nazwisko986,13.09.1983
imie987,nazwisko987,14.09.1983
imie988,nazwisko988,15.09.1983
imie989,nazwisko989,16.09.1983
imie990,nazwisko990,17.09.1983
imie991,nazwisko991,18.09.1983
imie992,nazwisko992,19.09.1983
imie993,nazwisko993,20.09.1983
imie994,nazwisko994,21.09.1983
imie995,nazwisko995,22.09.1983
imie996,nazwisko996,23.09.1983
imie997,nazwisko997,24.09.1983
imie998,nazwisko998,25.09.1983
imie999,nazwisko999,26.09.1983
imie1000,nazwisko1000,27.09.1983
